{
  "C1": {
    "cost": 1.7860983333333331,
    "elapsed": 627.7502102851868,
    "labels": 363.66666666666663,
    "jac": 0.4615110297209622,
    "mis": 0.052988374499186884,
    "gnd": 0.933688176799949,
    "fzr": 1.0
  },
  "C2": {
    "cost": 0.5406569999999999,
    "elapsed": 180.25635727246603,
    "labels": 309.3333333333333,
    "jac": 0.5266789592166337,
    "mis": 0.014582155212676997,
    "gnd": 0.8903736008990204,
    "fzr": 0.836266780204368
  },
  "C3": {
    "cost": 0.9679309999999999,
    "elapsed": 153.1822862625122,
    "labels": 450.99999999999994,
    "jac": 0.5824852688988919,
    "mis": 0.0,
    "gnd": 0.8845647190972581,
    "fzr": 0.8483475255459828
  }
}