{
  "C1": {
    "labels": 363.66666666666663,
    "cost": 1.7860983333333331,
    "jac": [
      0.6653481012658228,
      0.3293637811075487,
      0.500183860067581,
      0.48716083066528326,
      0.32549857549857547
    ],
    "mis": [
      0.0,
      0.011396843950905905,
      0.0,
      0.055895455895455894,
      0.19764957264957264
    ],
    "gnd": [
      0.979791123908771,
      0.8651094013982172,
      0.898304820957219,
      0.9252355377355377,
      1.0
    ],
    "fzr": [
      1.0,
      1.0,
      1.0,
      1.0,
      1.0
    ]
  },
  "C3": {
    "labels": 450.99999999999994,
    "cost": 0.9679309999999999,
    "jac": [
      0.6344071996869701,
      0.5486989946777056,
      0.5248192294767637,
      0.4660195821716811,
      0.7384813384813386
    ],
    "mis": [
      0.0,
      0.0,
      0.0,
      0.0,
      0.0
    ],
    "gnd": [
      0.9200124116345583,
      0.9327428990991157,
      0.803537492895709,
      0.7766318019579178,
      0.98989898989899
    ],
    "fzr": [
      0.8285714285714286,
      0.8472222222222222,
      0.8869565217391304,
      0.8402777777777778,
      0.8387096774193549
    ]
  },
  "C4": {
    "labels": 462.0,
    "cost": 1.7483899999999997,
    "jac": [
      0.4519982752580376,
      0.5232518805683929,
      0.4319152922721628,
      0.3510032362459547,
      0.48655443322109987
    ],
    "mis": [
      0.0,
      0.0,
      0.0,
      0.0,
      0.016463414634146342
    ],
    "gnd": [
      0.9551763640238704,
      0.9467033363204681,
      0.7876157762375023,
      0.7954232804232803,
      1.0
    ],
    "fzr": [
      0.8571428571428571,
      0.8055555555555556,
      0.8347826086956521,
      0.8819444444444444,
      0.9354838709677419
    ]
  }
}